Parameter1,Parameter2,Parameter3,Parameter4,Parameter5,Parameter6,Parameter7,Parameter8,Parameter9,Parameter10,Parameter11,Parameter12,Parameter13,Parameter14,Parameter15,Parameter16,Parameter17,Parameter18,Parameter19,Parameter20,Parameter21,Parameter22,Parameter23,Parameter24,Parameter25,Parameter26,Parameter27,Parameter28,Parameter29,Parameter30,Parameter31,Parameter33,Parameter34,Parameter35,Parameter37
1,C:/User/Desktop/Autos/email,openFile,xls,Excel,Copy,?,alfa-romero,gas,std,two,convertible,rwd,front,886,1688,641,488,2548,dohc,four,130,mpfi,347,268,9,111,5000,21,27,13495,Web,Copied Values,Result Values,Sent email
2,C:/User/Desktop/Autos/email,openFile,xls,Excel,Copy,?,alfa-romero,gas,std,two,convertible,rwd,front,886,1688,641,488,2548,dohc,four,130,mpfi,347,268,9,111,5000,21,27,16500,Web,Copied Values,Result Values,Sent email
3,C:/User/Desktop/Autos/email,openFile,xls,Excel,Copy,?,alfa-romero,gas,std,two,hatchback,rwd,front,945,1712,655,524,2823,ohcv,six,152,mpfi,268,347,9,154,5000,19,26,16500,Web,Copied Values,Result Values,Sent email
4,C:/User/Desktop/Autos/email,openFile,xls,Excel,Copy,164,audi,gas,std,four,sedan,fwd,front,998,1766,662,543,2337,ohc,four,109,mpfi,319,34,10,102,5500,24,30,13950,Web,Copied Values,Result Values,Sent email
5,C:/User/Desktop/Autos/email,openFile,xls,Excel,Copy,164,audi,gas,std,four,sedan,4wd,front,994,1766,664,543,2824,ohc,five,136,mpfi,319,34,8,115,5500,18,22,17450,Web,Copied Values,Result Values,Sent email
6,C:/User/Desktop/Autos/email,openFile,xls,Excel,Copy,?,audi,gas,std,two,sedan,fwd,front,998,1773,663,531,2507,ohc,five,136,mpfi,319,34,85,110,5500,19,25,15250,Web,Copied Values,Result Values,Sent email
7,C:/User/Desktop/Autos/email,openFile,xls,Excel,Copy,158,audi,gas,std,four,sedan,fwd,front,1058,1927,714,557,2844,ohc,five,136,mpfi,319,34,85,110,5500,19,25,17710,Web,Copied Values,Result Values,Sent email
8,C:/User/Desktop/Autos/email,openFile,xls,Excel,Copy,?,audi,gas,std,four,wagon,fwd,front,1058,1927,714,557,2954,ohc,five,136,mpfi,319,34,85,110,5500,19,25,18920,Web,Copied Values,Result Values,Sent email
9,C:/User/Desktop/Autos/email,openFile,xls,Excel,Copy,158,audi,gas,turbo,four,sedan,fwd,front,1058,1927,714,559,3086,ohc,five,131,mpfi,313,34,83,140,5500,17,20,23875,Web,Copied Values,Result Values,Sent email
10,C:/User/Desktop/Autos/email,openFile,xls,Excel,Copy,?,audi,gas,turbo,two,hatchback,4wd,front,995,1782,679,52,3053,ohc,five,131,mpfi,313,34,7,160,5500,16,22,?,Web,Copied Values,Result Values,-
11,C:/User/Desktop/Autos/email,openFile,xls,Excel,Copy,192,bmw,gas,std,two,sedan,rwd,front,1012,1768,648,543,2395,ohc,four,108,mpfi,35,28,88,101,5800,23,29,16430,Web,Copied Values,Result Values,Sent email
12,C:/User/Desktop/Autos/email,openFile,xls,Excel,Copy,192,bmw,gas,std,four,sedan,rwd,front,1012,1768,648,543,2395,ohc,four,108,mpfi,35,28,88,101,5800,23,29,16925,Web,Copied Values,Result Values,-
13,C:/User/Desktop/Autos/email,openFile,xls,Excel,Copy,188,bmw,gas,std,two,sedan,rwd,front,1012,1768,648,543,2710,ohc,six,164,mpfi,331,319,9,121,4250,21,28,20970,Web,Copied Values,Result Values,-
14,C:/User/Desktop/Autos/email,openFile,xls,Excel,Copy,188,bmw,gas,std,four,sedan,rwd,front,1012,1768,648,543,2765,ohc,six,164,mpfi,331,319,9,121,4250,21,28,21105,Web,Copied Values,Result Values,-
15,C:/User/Desktop/Autos/email,openFile,xls,Excel,Copy,?,bmw,gas,std,four,sedan,rwd,front,1035,189,669,557,3055,ohc,six,164,mpfi,331,319,9,121,4250,20,25,24565,Web,Copied Values,Result Values,Sent email
16,C:/User/Desktop/Autos/email,openFile,xls,Excel,Copy,?,bmw,gas,std,four,sedan,rwd,front,1035,189,669,557,3230,ohc,six,209,mpfi,362,339,8,182,5400,16,22,30760,Web,Copied Values,Result Values,-
17,C:/User/Desktop/Autos/email,openFile,xls,Excel,Copy,?,bmw,gas,std,two,sedan,rwd,front,1035,1938,679,537,3380,ohc,six,209,mpfi,362,339,8,182,5400,16,22,41315,Web,Copied Values,Result Values,-
18,C:/User/Desktop/Autos/email,openFile,xls,Excel,Copy,?,bmw,gas,std,four,sedan,rwd,front,110,197,709,563,3505,ohc,six,209,mpfi,362,339,8,182,5400,15,20,36880,Web,Copied Values,Result Values,-
19,C:/User/Desktop/Autos/email,openFile,xls,Excel,Copy,121,chevrolet,gas,std,two,hatchback,fwd,front,884,1411,603,532,1488,l,three,61,2bbl,291,303,95,48,5100,47,53,5151,Web,Copied Values,Result Values,Sent email
20,C:/User/Desktop/Autos/email,openFile,xls,Excel,Copy,98,chevrolet,gas,std,two,hatchback,fwd,front,945,1559,636,52,1874,ohc,four,90,2bbl,303,311,96,70,5400,38,43,6295,Web,Copied Values,Result Values,Sent email
21,C:/User/Desktop/Autos/email,openFile,xls,Excel,Copy,81,chevrolet,gas,std,four,sedan,fwd,front,945,1588,636,52,1909,ohc,four,90,2bbl,303,311,96,70,5400,38,43,6575,Web,Copied Values,Result Values,-
22,C:/User/Desktop/Autos/email,openFile,xls,Excel,Copy,118,dodge,gas,std,two,hatchback,fwd,front,937,1573,638,508,1876,ohc,four,90,2bbl,297,323,941,68,5500,37,41,5572,Web,Copied Values,Result Values,Sent email
23,C:/User/Desktop/Autos/email,openFile,xls,Excel,Copy,118,dodge,gas,std,two,hatchback,fwd,front,937,1573,638,508,1876,ohc,four,90,2bbl,297,323,94,68,5500,31,38,6377,Web,Copied Values,Result Values,Sent email
24,C:/User/Desktop/Autos/email,openFile,xls,Excel,Copy,118,dodge,gas,turbo,two,hatchback,fwd,front,937,1573,638,508,2128,ohc,four,98,mpfi,303,339,76,102,5500,24,30,7957,Web,Copied Values,Result Values,Sent email
25,C:/User/Desktop/Autos/email,openFile,xls,Excel,Copy,148,dodge,gas,std,four,hatchback,fwd,front,937,1573,638,506,1967,ohc,four,90,2bbl,297,323,94,68,5500,31,38,6229,Web,Copied Values,Result Values,Sent email
26,C:/User/Desktop/Autos/email,openFile,xls,Excel,Copy,148,dodge,gas,std,four,sedan,fwd,front,937,1573,638,506,1989,ohc,four,90,2bbl,297,323,94,68,5500,31,38,6692,Web,Copied Values,Result Values,Sent email
27,C:/User/Desktop/Autos/email,openFile,xls,Excel,Copy,148,dodge,gas,std,four,sedan,fwd,front,937,1573,638,506,1989,ohc,four,90,2bbl,297,323,94,68,5500,31,38,7609,Web,Copied Values,Result Values,Sent email
28,C:/User/Desktop/Autos/email,openFile,xls,Excel,Copy,148,dodge,gas,turbo,?,sedan,fwd,front,937,1573,638,506,2191,ohc,four,98,mpfi,303,339,76,102,5500,24,30,8558,Web,Copied Values,Result Values,Sent email
29,C:/User/Desktop/Autos/email,openFile,xls,Excel,Copy,110,dodge,gas,std,four,wagon,fwd,front,1033,1746,646,598,2535,ohc,four,122,2bbl,334,346,85,88,5000,24,30,8921,Web,Copied Values,Result Values,-
30,C:/User/Desktop/Autos/email,openFile,xls,Excel,Copy,145,dodge,gas,turbo,two,hatchback,fwd,front,959,1732,663,502,2811,ohc,four,156,mfi,36,39,7,145,5000,19,24,12964,Web,Copied Values,Result Values,Sent email
31,C:/User/Desktop/Autos/email,openFile,xls,Excel,Copy,137,honda,gas,std,two,hatchback,fwd,front,866,1446,639,508,1713,ohc,four,92,1bbl,291,341,96,58,4800,49,54,6479,Web,Copied Values,Result Values,Sent email
32,C:/User/Desktop/Autos/email,openFile,xls,Excel,Copy,137,honda,gas,std,two,hatchback,fwd,front,866,1446,639,508,1819,ohc,four,92,1bbl,291,341,92,76,6000,31,38,6855,Web,Copied Values,Result Values,Sent email
33,C:/User/Desktop/Autos/email,openFile,xls,Excel,Copy,101,honda,gas,std,two,hatchback,fwd,front,937,150,64,526,1837,ohc,four,79,1bbl,291,307,101,60,5500,38,42,5399,Web,Copied Values,Result Values,Sent email
34,C:/User/Desktop/Autos/email,openFile,xls,Excel,Copy,101,honda,gas,std,two,hatchback,fwd,front,937,150,64,526,1940,ohc,four,92,1bbl,291,341,92,76,6000,30,34,6529,Web,Copied Values,Result Values,Sent email
35,C:/User/Desktop/Autos/email,openFile,xls,Excel,Copy,101,honda,gas,std,two,hatchback,fwd,front,937,150,64,526,1956,ohc,four,92,1bbl,291,341,92,76,6000,30,34,7129,Web,Copied Values,Result Values,Sent email
36,C:/User/Desktop/Autos/email,openFile,xls,Excel,Copy,110,honda,gas,std,four,sedan,fwd,front,965,1634,64,545,2010,ohc,four,92,1bbl,291,341,92,76,6000,30,34,7295,Web,Copied Values,Result Values,-
37,C:/User/Desktop/Autos/email,openFile,xls,Excel,Copy,78,honda,gas,std,four,wagon,fwd,front,965,1571,639,583,2024,ohc,four,92,1bbl,292,341,92,76,6000,30,34,7295,Web,Copied Values,Result Values,-
38,C:/User/Desktop/Autos/email,openFile,xls,Excel,Copy,106,honda,gas,std,two,hatchback,fwd,front,965,1675,652,533,2236,ohc,four,110,1bbl,315,358,9,86,5800,27,33,7895,Web,Copied Values,Result Values,-
39,C:/User/Desktop/Autos/email,openFile,xls,Excel,Copy,106,honda,gas,std,two,hatchback,fwd,front,965,1675,652,533,2289,ohc,four,110,1bbl,315,358,9,86,5800,27,33,9095,Web,Copied Values,Result Values,-
40,C:/User/Desktop/Autos/email,openFile,xls,Excel,Copy,85,honda,gas,std,four,sedan,fwd,front,965,1754,652,541,2304,ohc,four,110,1bbl,315,358,9,86,5800,27,33,8845,Web,Copied Values,Result Values,-
41,C:/User/Desktop/Autos/email,openFile,xls,Excel,Copy,85,honda,gas,std,four,sedan,fwd,front,965,1754,625,541,2372,ohc,four,110,1bbl,315,358,9,86,5800,27,33,10295,Web,Copied Values,Result Values,-
42,C:/User/Desktop/Autos/email,openFile,xls,Excel,Copy,85,honda,gas,std,four,sedan,fwd,front,965,1754,652,541,2465,ohc,four,110,mpfi,315,358,9,101,5800,24,28,12945,Web,Copied Values,Result Values,-
43,C:/User/Desktop/Autos/email,openFile,xls,Excel,Copy,107,honda,gas,std,two,sedan,fwd,front,965,1691,66,51,2293,ohc,four,110,2bbl,315,358,91,100,5500,25,31,10345,Web,Copied Values,Result Values,Sent email
44,C:/User/Desktop/Autos/email,openFile,xls,Excel,Copy,?,isuzu,gas,std,four,sedan,rwd,front,943,1707,618,535,2337,ohc,four,111,2bbl,331,323,85,78,4800,24,29,6785,Web,Copied Values,Result Values,-
45,C:/User/Desktop/Autos/email,openFile,xls,Excel,Copy,?,isuzu,gas,std,two,sedan,fwd,front,945,1559,636,52,1874,ohc,four,90,2bbl,303,311,96,70,5400,38,43,?,Web,Copied Values,Result Values,Sent email
46,C:/User/Desktop/Autos/email,openFile,xls,Excel,Copy,?,isuzu,gas,std,four,sedan,fwd,front,945,1559,636,52,1909,ohc,four,90,2bbl,303,311,96,70,5400,38,43,?,Web,Copied Values,Result Values,-
47,C:/User/Desktop/Autos/email,openFile,xls,Excel,Copy,?,isuzu,gas,std,two,hatchback,rwd,front,96,1726,652,514,2734,ohc,four,119,spfi,343,323,92,90,5000,24,29,11048,Web,Copied Values,Result Values,Sent email
48,C:/User/Desktop/Autos/email,openFile,xls,Excel,Copy,145,jaguar,gas,std,four,sedan,rwd,front,113,1996,696,528,4066,dohc,six,258,mpfi,363,417,81,176,4750,15,19,32250,Web,Copied Values,Result Values,-
49,C:/User/Desktop/Autos/email,openFile,xls,Excel,Copy,?,jaguar,gas,std,four,sedan,rwd,front,113,1996,696,528,4066,dohc,six,258,mpfi,363,417,81,176,4750,15,19,35550,Web,Copied Values,Result Values,-
50,C:/User/Desktop/Autos/email,openFile,xls,Excel,Copy,?,jaguar,gas,std,two,sedan,rwd,front,102,1917,706,478,3950,ohcv,twelve,326,mpfi,354,276,115,262,5000,13,17,36000,Web,Copied Values,Result Values,-
51,C:/User/Desktop/Autos/email,openFile,xls,Excel,Copy,104,mazda,gas,std,two,hatchback,fwd,front,931,1591,642,541,1890,ohc,four,91,2bbl,303,315,9,68,5000,30,31,5195,Web,Copied Values,Result Values,Sent email
52,C:/User/Desktop/Autos/email,openFile,xls,Excel,Copy,104,mazda,gas,std,two,hatchback,fwd,front,931,1591,642,541,1900,ohc,four,91,2bbl,303,315,9,68,5000,31,38,6095,Web,Copied Values,Result Values,Sent email
53,C:/User/Desktop/Autos/email,openFile,xls,Excel,Copy,104,mazda,gas,std,two,hatchback,fwd,front,931,1591,642,541,1905,ohc,four,91,2bbl,303,315,9,68,5000,31,38,6795,Web,Copied Values,Result Values,Sent email
54,C:/User/Desktop/Autos/email,openFile,xls,Excel,Copy,113,mazda,gas,std,four,sedan,fwd,front,931,1668,642,541,1945,ohc,four,91,2bbl,303,315,9,68,5000,31,38,6695,Web,Copied Values,Result Values,Sent email
55,C:/User/Desktop/Autos/email,openFile,xls,Excel,Copy,113,mazda,gas,std,four,sedan,fwd,front,931,1668,642,541,1950,ohc,four,91,2bbl,308,315,9,68,5000,31,38,7395,Web,Copied Values,Result Values,Sent email
56,C:/User/Desktop/Autos/email,openFile,xls,Excel,Copy,150,mazda,gas,std,two,hatchback,rwd,front,953,169,657,496,2380,rotor,two,70,4bbl,?,?,94,101,6000,17,23,10945,Web,Copied Values,Result Values,Sent email
57,C:/User/Desktop/Autos/email,openFile,xls,Excel,Copy,150,mazda,gas,std,two,hatchback,rwd,front,953,169,657,496,2380,rotor,two,70,4bbl,?,?,94,101,6000,17,23,11845,Web,Copied Values,Result Values,Sent email
58,C:/User/Desktop/Autos/email,openFile,xls,Excel,Copy,150,mazda,gas,std,two,hatchback,rwd,front,953,169,657,496,2385,rotor,two,70,4bbl,?,?,94,101,6000,17,23,13645,Web,Copied Values,Result Values,Sent email
59,C:/User/Desktop/Autos/email,openFile,xls,Excel,Copy,150,mazda,gas,std,two,hatchback,rwd,front,953,169,657,496,2500,rotor,two,80,mpfi,?,?,94,135,6000,16,23,15645,Web,Copied Values,Result Values,Sent email
60,C:/User/Desktop/Autos/email,openFile,xls,Excel,Copy,129,mazda,gas,std,two,hatchback,fwd,front,988,1778,665,537,2385,ohc,four,122,2bbl,339,339,86,84,4800,26,32,8845,Web,Copied Values,Result Values,Sent email
61,C:/User/Desktop/Autos/email,openFile,xls,Excel,Copy,115,mazda,gas,std,four,sedan,fwd,front,988,1778,665,555,2410,ohc,four,122,2bbl,339,339,86,84,4800,26,32,8495,Web,Copied Values,Result Values,-
62,C:/User/Desktop/Autos/email,openFile,xls,Excel,Copy,129,mazda,gas,std,two,hatchback,fwd,front,988,1778,665,537,2385,ohc,four,122,2bbl,339,339,86,84,4800,26,32,10595,Web,Copied Values,Result Values,Sent email
63,C:/User/Desktop/Autos/email,openFile,xls,Excel,Copy,115,mazda,gas,std,four,sedan,fwd,front,988,1778,665,555,2410,ohc,four,122,2bbl,339,339,86,84,4800,26,32,10245,Web,Copied Values,Result Values,-
64,C:/User/Desktop/Autos/email,openFile,xls,Excel,Copy,?,mazda,diesel,std,?,sedan,fwd,front,988,1778,665,555,2443,ohc,four,122,idi,339,339,227,64,4650,36,42,10795,Web,Copied Values,Result Values,-
65,C:/User/Desktop/Autos/email,openFile,xls,Excel,Copy,115,mazda,gas,std,four,hatchback,fwd,front,988,1778,665,555,2425,ohc,four,122,2bbl,339,339,86,84,4800,26,32,11245,Web,Copied Values,Result Values,-
66,C:/User/Desktop/Autos/email,openFile,xls,Excel,Copy,118,mazda,gas,std,four,sedan,rwd,front,1049,175,661,544,2670,ohc,four,140,mpfi,376,316,8,120,5000,19,27,18280,Web,Copied Values,Result Values,-
67,C:/User/Desktop/Autos/email,openFile,xls,Excel,Copy,?,mazda,diesel,std,four,sedan,rwd,front,1049,175,661,544,2700,ohc,four,134,idi,343,364,22,72,4200,31,39,18344,Web,Copied Values,Result Values,-
68,C:/User/Desktop/Autos/email,openFile,xls,Excel,Copy,93,mercedes-benz,diesel,turbo,four,sedan,rwd,front,110,1909,703,565,3515,ohc,five,183,idi,358,364,215,123,4350,22,25,25552,Web,Copied Values,Result Values,-
69,C:/User/Desktop/Autos/email,openFile,xls,Excel,Copy,93,mercedes-benz,diesel,turbo,four,wagon,rwd,front,110,1909,703,587,3750,ohc,five,183,idi,358,364,215,123,4350,22,25,28248,Web,Copied Values,Result Values,-
70,C:/User/Desktop/Autos/email,openFile,xls,Excel,Copy,93,mercedes-benz,diesel,turbo,two,hardtop,rwd,front,1067,1875,703,549,3495,ohc,five,183,idi,358,364,215,123,4350,22,25,28176,Web,Copied Values,Result Values,-
71,C:/User/Desktop/Autos/email,openFile,xls,Excel,Copy,93,mercedes-benz,diesel,turbo,four,sedan,rwd,front,1156,2026,717,563,3770,ohc,five,183,idi,358,364,215,123,4350,22,25,31600,Web,Copied Values,Result Values,-
72,C:/User/Desktop/Autos/email,openFile,xls,Excel,Copy,?,mercedes-benz,gas,std,four,sedan,rwd,front,1156,2026,717,565,3740,ohcv,eight,234,mpfi,346,31,83,155,4750,16,18,34184,Web,Copied Values,Result Values,-
73,C:/User/Desktop/Autos/email,openFile,xls,Excel,Copy,142,mercedes-benz,gas,std,two,convertible,rwd,front,966,1803,705,508,3685,ohcv,eight,234,mpfi,346,31,83,155,4750,16,18,35056,Web,Copied Values,Result Values,Sent email
74,C:/User/Desktop/Autos/email,openFile,xls,Excel,Copy,?,mercedes-benz,gas,std,four,sedan,rwd,front,1209,2081,717,567,3900,ohcv,eight,308,mpfi,38,335,8,184,4500,14,16,40960,Web,Copied Values,Result Values,-
75,C:/User/Desktop/Autos/email,openFile,xls,Excel,Copy,?,mercedes-benz,gas,std,two,hardtop,rwd,front,112,1992,72,554,3715,ohcv,eight,304,mpfi,38,335,8,184,4500,14,16,45400,Web,Copied Values,Result Values,Sent email
76,C:/User/Desktop/Autos/email,openFile,xls,Excel,Copy,?,mercury,gas,turbo,two,hatchback,rwd,front,1027,1784,68,548,2910,ohc,four,140,mpfi,378,312,8,175,5000,19,24,16503,Web,Copied Values,Result Values,Sent email
77,C:/User/Desktop/Autos/email,openFile,xls,Excel,Copy,161,mitsubishi,gas,std,two,hatchback,fwd,front,937,1573,644,508,1918,ohc,four,92,2bbl,297,323,94,68,5500,37,41,5389,Web,Copied Values,Result Values,Sent email
78,C:/User/Desktop/Autos/email,openFile,xls,Excel,Copy,161,mitsubishi,gas,std,two,hatchback,fwd,front,937,1573,644,508,1944,ohc,four,92,2bbl,297,323,94,68,5500,31,38,6189,Web,Copied Values,Result Values,Sent email
79,C:/User/Desktop/Autos/email,openFile,xls,Excel,Copy,161,mitsubishi,gas,std,two,hatchback,fwd,front,937,1573,644,508,2004,ohc,four,92,2bbl,297,323,94,68,5500,31,38,6669,Web,Copied Values,Result Values,Sent email
80,C:/User/Desktop/Autos/email,openFile,xls,Excel,Copy,161,mitsubishi,gas,turbo,two,hatchback,fwd,front,93,1573,638,508,2145,ohc,four,98,spdi,303,339,76,102,5500,24,30,7689,Web,Copied Values,Result Values,Sent email
81,C:/User/Desktop/Autos/email,openFile,xls,Excel,Copy,153,mitsubishi,gas,turbo,two,hatchback,fwd,front,963,173,654,494,2370,ohc,four,110,spdi,317,346,75,116,5500,23,30,9959,Web,Copied Values,Result Values,Sent email
82,C:/User/Desktop/Autos/email,openFile,xls,Excel,Copy,153,mitsubishi,gas,std,two,hatchback,fwd,front,963,173,654,494,2328,ohc,four,122,2bbl,335,346,85,88,5000,25,32,8499,Web,Copied Values,Result Values,Sent email
83,C:/User/Desktop/Autos/email,openFile,xls,Excel,Copy,?,mitsubishi,gas,turbo,two,hatchback,fwd,front,959,1732,663,502,2833,ohc,four,156,spdi,358,386,7,145,5000,19,24,12629,Web,Copied Values,Result Values,Sent email
84,C:/User/Desktop/Autos/email,openFile,xls,Excel,Copy,?,mitsubishi,gas,turbo,two,hatchback,fwd,front,959,1732,663,502,2921,ohc,four,156,spdi,359,386,7,145,5000,19,24,14869,Web,Copied Values,Result Values,Sent email
85,C:/User/Desktop/Autos/email,openFile,xls,Excel,Copy,?,mitsubishi,gas,turbo,two,hatchback,fwd,front,959,1732,663,502,2926,ohc,four,156,spdi,359,386,7,145,5000,19,24,14489,Web,Copied Values,Result Values,Sent email
86,C:/User/Desktop/Autos/email,openFile,xls,Excel,Copy,125,mitsubishi,gas,std,four,sedan,fwd,front,963,1724,654,516,2365,ohc,four,122,2bbl,335,346,85,88,5000,25,32,6989,Web,Copied Values,Result Values,Sent email
87,C:/User/Desktop/Autos/email,openFile,xls,Excel,Copy,125,mitsubishi,gas,std,four,sedan,fwd,front,963,1724,654,516,2405,ohc,four,122,2bbl,335,346,85,88,5000,25,32,8189,Web,Copied Values,Result Values,Sent email
88,C:/User/Desktop/Autos/email,openFile,xls,Excel,Copy,125,mitsubishi,gas,turbo,four,sedan,fwd,front,963,1724,654,516,2403,ohc,four,110,spdi,317,346,75,116,5500,23,30,9279,Web,Copied Values,Result Values,Sent email
89,C:/User/Desktop/Autos/email,openFile,xls,Excel,Copy,137,mitsubishi,gas,std,four,sedan,fwd,front,963,1724,654,516,2403,ohc,four,110,spdi,317,346,75,116,5500,23,30,9279,Web,Copied Values,Result Values,-
90,C:/User/Desktop/Autos/email,openFile,xls,Excel,Copy,128,nissan,gas,std,two,sedan,fwd,front,945,1653,638,545,1889,ohc,four,97,2bbl,315,329,94,69,5200,31,37,5499,Web,Copied Values,Result Values,Sent email
91,C:/User/Desktop/Autos/email,openFile,xls,Excel,Copy,128,nissan,diesel,std,two,sedan,fwd,front,945,1653,638,545,2017,ohc,four,103,idi,299,347,219,55,4800,45,50,7099,Web,Copied Values,Result Values,Sent email
92,C:/User/Desktop/Autos/email,openFile,xls,Excel,Copy,128,nissan,gas,std,two,sedan,fwd,front,945,1653,638,545,1918,ohc,four,97,2bbl,315,329,94,69,5200,31,37,6649,Web,Copied Values,Result Values,Sent email
93,C:/User/Desktop/Autos/email,openFile,xls,Excel,Copy,122,nissan,gas,std,four,sedan,fwd,front,945,1653,638,545,1938,ohc,four,97,2bbl,315,329,94,69,5200,31,37,6849,Web,Copied Values,Result Values,Sent email
94,C:/User/Desktop/Autos/email,openFile,xls,Excel,Copy,103,nissan,gas,std,four,wagon,fwd,front,945,1702,638,535,2024,ohc,four,97,2bbl,315,329,94,69,5200,31,37,7349,Web,Copied Values,Result Values,Sent email
95,C:/User/Desktop/Autos/email,openFile,xls,Excel,Copy,128,nissan,gas,std,two,sedan,fwd,front,945,1653,638,545,1951,ohc,four,97,2bbl,315,329,94,69,5200,31,37,7299,Web,Copied Values,Result Values,Sent email
96,C:/User/Desktop/Autos/email,openFile,xls,Excel,Copy,128,nissan,gas,std,two,hatchback,fwd,front,945,1656,638,533,2028,ohc,four,97,2bbl,315,329,94,69,5200,31,37,7799,Web,Copied Values,Result Values,Sent email
97,C:/User/Desktop/Autos/email,openFile,xls,Excel,Copy,122,nissan,gas,std,four,sedan,fwd,front,945,1653,638,545,1971,ohc,four,97,2bbl,315,329,94,69,5200,31,37,7499,Web,Copied Values,Result Values,Sent email
98,C:/User/Desktop/Autos/email,openFile,xls,Excel,Copy,103,nissan,gas,std,four,wagon,fwd,front,945,1702,638,535,2037,ohc,four,97,2bbl,315,329,94,69,5200,31,37,7999,Web,Copied Values,Result Values,Sent email
99,C:/User/Desktop/Autos/email,openFile,xls,Excel,Copy,168,nissan,gas,std,two,hardtop,fwd,front,951,1624,638,533,2008,ohc,four,97,2bbl,315,329,94,69,5200,31,37,8249,Web,Copied Values,Result Values,Sent email
100,C:/User/Desktop/Autos/email,openFile,xls,Excel,Copy,106,nissan,gas,std,four,hatchback,fwd,front,972,1734,652,547,2324,ohc,four,120,2bbl,333,347,85,97,5200,27,34,8949,Web,Copied Values,Result Values,-
101,C:/User/Desktop/Autos/email,openFile,xls,Excel,Copy,106,nissan,gas,std,four,sedan,fwd,front,972,1734,652,547,2302,ohc,four,120,2bbl,333,347,85,97,5200,27,34,9549,Web,Copied Values,Result Values,-
102,C:/User/Desktop/Autos/email,openFile,xls,Excel,Copy,128,nissan,gas,std,four,sedan,fwd,front,1004,1817,665,551,3095,ohcv,six,181,mpfi,343,327,9,152,5200,17,22,13499,Web,Copied Values,Result Values,-
103,C:/User/Desktop/Autos/email,openFile,xls,Excel,Copy,108,nissan,gas,std,four,wagon,fwd,front,1004,1846,665,561,3296,ohcv,six,181,mpfi,343,327,9,152,5200,17,22,14399,Web,Copied Values,Result Values,-
104,C:/User/Desktop/Autos/email,openFile,xls,Excel,Copy,108,nissan,gas,std,four,sedan,fwd,front,1004,1846,665,551,3060,ohcv,six,181,mpfi,343,327,9,152,5200,19,25,13499,Web,Copied Values,Result Values,-
105,C:/User/Desktop/Autos/email,openFile,xls,Excel,Copy,194,nissan,gas,std,two,hatchback,rwd,front,913,1707,679,497,3071,ohcv,six,181,mpfi,343,327,9,160,5200,19,25,17199,Web,Copied Values,Result Values,Sent email
106,C:/User/Desktop/Autos/email,openFile,xls,Excel,Copy,194,nissan,gas,turbo,two,hatchback,rwd,front,913,1707,679,497,3139,ohcv,six,181,mpfi,343,327,78,200,5200,17,23,19699,Web,Copied Values,Result Values,Sent email
107,C:/User/Desktop/Autos/email,openFile,xls,Excel,Copy,231,nissan,gas,std,two,hatchback,rwd,front,992,1785,679,497,3139,ohcv,six,181,mpfi,343,327,9,160,5200,19,25,18399,Web,Copied Values,Result Values,Sent email
108,C:/User/Desktop/Autos/email,openFile,xls,Excel,Copy,161,peugot,gas,std,four,sedan,rwd,front,1079,1867,684,567,3020,l,four,120,mpfi,346,319,84,97,5000,19,24,11900,Web,Copied Values,Result Values,-
109,C:/User/Desktop/Autos/email,openFile,xls,Excel,Copy,161,peugot,diesel,turbo,four,sedan,rwd,front,1079,1867,684,567,3197,l,four,152,idi,37,352,21,95,4150,28,33,13200,Web,Copied Values,Result Values,-
110,C:/User/Desktop/Autos/email,openFile,xls,Excel,Copy,?,peugot,gas,std,four,wagon,rwd,front,1142,1989,684,587,3230,l,four,120,mpfi,346,319,84,97,5000,19,24,12440,Web,Copied Values,Result Values,-
111,C:/User/Desktop/Autos/email,openFile,xls,Excel,Copy,?,peugot,diesel,turbo,four,wagon,rwd,front,1142,1989,684,587,3430,l,four,152,idi,37,352,21,95,4150,25,25,13860,Web,Copied Values,Result Values,-
112,C:/User/Desktop/Autos/email,openFile,xls,Excel,Copy,161,peugot,gas,std,four,sedan,rwd,front,1079,1867,684,567,3075,l,four,120,mpfi,346,219,84,95,5000,19,24,15580,Web,Copied Values,Result Values,-
113,C:/User/Desktop/Autos/email,openFile,xls,Excel,Copy,161,peugot,diesel,turbo,four,sedan,rwd,front,1079,1867,684,567,3252,l,four,152,idi,37,352,21,95,4150,28,33,16900,Web,Copied Values,Result Values,-
114,C:/User/Desktop/Autos/email,openFile,xls,Excel,Copy,?,peugot,gas,std,four,wagon,rwd,front,1142,1989,684,567,3285,l,four,120,mpfi,346,219,84,95,5000,19,24,16695,Web,Copied Values,Result Values,-
115,C:/User/Desktop/Autos/email,openFile,xls,Excel,Copy,?,peugot,diesel,turbo,four,wagon,rwd,front,1142,1989,684,587,3485,l,four,152,idi,37,352,21,95,4150,25,25,17075,Web,Copied Values,Result Values,-
116,C:/User/Desktop/Autos/email,openFile,xls,Excel,Copy,161,peugot,gas,std,four,sedan,rwd,front,1079,1867,684,567,3075,l,four,120,mpfi,346,319,84,97,5000,19,24,16630,Web,Copied Values,Result Values,-
117,C:/User/Desktop/Autos/email,openFile,xls,Excel,Copy,161,peugot,diesel,turbo,four,sedan,rwd,front,1079,1867,684,567,3252,l,four,152,idi,37,352,21,95,4150,28,33,17950,Web,Copied Values,Result Values,-
118,C:/User/Desktop/Autos/email,openFile,xls,Excel,Copy,161,peugot,gas,turbo,four,sedan,rwd,front,108,1867,683,56,3130,l,four,134,mpfi,361,321,7,142,5600,18,24,18150,Web,Copied Values,Result Values,-
119,C:/User/Desktop/Autos/email,openFile,xls,Excel,Copy,119,plymouth,gas,std,two,hatchback,fwd,front,937,1573,638,508,1918,ohc,four,90,2bbl,297,323,94,68,5500,37,41,5572,Web,Copied Values,Result Values,Sent email
120,C:/User/Desktop/Autos/email,openFile,xls,Excel,Copy,119,plymouth,gas,turbo,two,hatchback,fwd,front,937,1573,638,508,2128,ohc,four,98,spdi,303,339,76,102,5500,24,30,7957,Web,Copied Values,Result Values,Sent email
121,C:/User/Desktop/Autos/email,openFile,xls,Excel,Copy,154,plymouth,gas,std,four,hatchback,fwd,front,937,1573,638,506,1967,ohc,four,90,2bbl,297,323,94,68,5500,31,38,6229,Web,Copied Values,Result Values,Sent email
122,C:/User/Desktop/Autos/email,openFile,xls,Excel,Copy,154,plymouth,gas,std,four,sedan,fwd,front,937,1673,638,508,1989,ohc,four,90,2bbl,297,323,94,68,5500,31,38,6692,Web,Copied Values,Result Values,Sent email
123,C:/User/Desktop/Autos/email,openFile,xls,Excel,Copy,154,plymouth,gas,std,four,sedan,fwd,front,937,1673,638,508,2191,ohc,four,98,2bbl,297,323,94,68,5500,31,38,7609,Web,Copied Values,Result Values,Sent email
124,C:/User/Desktop/Autos/email,openFile,xls,Excel,Copy,74,plymouth,gas,std,four,wagon,fwd,front,1033,1746,646,598,2535,ohc,four,122,2bbl,335,346,85,88,5000,24,30,8921,Web,Copied Values,Result Values,-
125,C:/User/Desktop/Autos/email,openFile,xls,Excel,Copy,?,plymouth,gas,turbo,two,hatchback,rwd,front,959,1732,663,502,2818,ohc,four,156,spdi,359,386,7,145,5000,19,24,12764,Web,Copied Values,Result Values,Sent email
126,C:/User/Desktop/Autos/email,openFile,xls,Excel,Copy,186,porsche,gas,std,two,hatchback,rwd,front,945,1689,683,502,2778,ohc,four,151,mpfi,394,311,95,143,5500,19,27,22018,Web,Copied Values,Result Values,Sent email
127,C:/User/Desktop/Autos/email,openFile,xls,Excel,Copy,?,porsche,gas,std,two,hardtop,rwd,rear,895,1689,65,516,2756,ohcf,six,194,mpfi,374,29,95,207,5900,17,25,32528,Web,Copied Values,Result Values,Sent email
128,C:/User/Desktop/Autos/email,openFile,xls,Excel,Copy,?,porsche,gas,std,two,hardtop,rwd,rear,895,1689,65,516,2756,ohcf,six,194,mpfi,374,29,95,207,5900,17,25,34028,Web,Copied Values,Result Values,Sent email
129,C:/User/Desktop/Autos/email,openFile,xls,Excel,Copy,?,porsche,gas,std,two,convertible,rwd,rear,895,1689,65,516,2800,ohcf,six,194,mpfi,374,29,95,207,5900,17,25,37028,Web,Copied Values,Result Values,Sent email
130,C:/User/Desktop/Autos/email,openFile,xls,Excel,Copy,?,porsche,gas,std,two,hatchback,rwd,front,984,1757,723,505,3366,dohcv,eight,203,mpfi,394,311,10,288,5750,17,28,?,Web,Copied Values,Result Values,Sent email
131,C:/User/Desktop/Autos/email,openFile,xls,Excel,Copy,?,renault,gas,std,four,wagon,fwd,front,961,1815,665,552,2579,ohc,four,132,mpfi,346,39,87,?,?,23,31,9295,Web,Copied Values,Result Values,-
132,C:/User/Desktop/Autos/email,openFile,xls,Excel,Copy,?,renault,gas,std,two,hatchback,fwd,front,961,1768,666,505,2460,ohc,four,132,mpfi,346,39,87,?,?,23,31,9895,Web,Copied Values,Result Values,Sent email
133,C:/User/Desktop/Autos/email,openFile,xls,Excel,Copy,150,saab,gas,std,two,hatchback,fwd,front,991,1866,665,561,2658,ohc,four,121,mpfi,354,307,931,110,5250,21,28,11850,Web,Copied Values,Result Values,Sent email
134,C:/User/Desktop/Autos/email,openFile,xls,Excel,Copy,104,saab,gas,std,four,sedan,fwd,front,991,1866,665,561,2695,ohc,four,121,mpfi,354,307,93,110,5250,21,28,12170,Web,Copied Values,Result Values,Sent email
135,C:/User/Desktop/Autos/email,openFile,xls,Excel,Copy,150,saab,gas,std,two,hatchback,fwd,front,991,1866,665,561,2707,ohc,four,121,mpfi,254,207,93,110,5250,21,28,15040,Web,Copied Values,Result Values,Sent email
136,C:/User/Desktop/Autos/email,openFile,xls,Excel,Copy,104,saab,gas,std,four,sedan,fwd,front,991,1866,665,561,2758,ohc,four,121,mpfi,354,307,93,110,5250,21,28,15510,Web,Copied Values,Result Values,Sent email
137,C:/User/Desktop/Autos/email,openFile,xls,Excel,Copy,150,saab,gas,turbo,two,hatchback,fwd,front,991,1866,665,561,2808,dohc,four,121,mpfi,354,307,9,160,5500,19,26,18150,Web,Copied Values,Result Values,Sent email
138,C:/User/Desktop/Autos/email,openFile,xls,Excel,Copy,104,saab,gas,turbo,four,sedan,fwd,front,991,1866,665,561,2847,dohc,four,121,mpfi,354,307,9,160,5500,19,26,18620,Web,Copied Values,Result Values,Sent email
139,C:/User/Desktop/Autos/email,openFile,xls,Excel,Copy,83,subaru,gas,std,two,hatchback,fwd,front,937,1569,634,537,2050,ohcf,four,97,2bbl,362,236,9,69,4900,31,36,5118,Web,Copied Values,Result Values,Sent email
140,C:/User/Desktop/Autos/email,openFile,xls,Excel,Copy,83,subaru,gas,std,two,hatchback,fwd,front,937,1579,636,537,2120,ohcf,four,108,2bbl,362,264,87,73,4400,26,31,7053,Web,Copied Values,Result Values,Sent email
141,C:/User/Desktop/Autos/email,openFile,xls,Excel,Copy,83,subaru,gas,std,two,hatchback,4wd,front,933,1573,638,557,2240,ohcf,four,108,2bbl,362,264,87,73,4400,26,31,7603,Web,Copied Values,Result Values,Sent email
142,C:/User/Desktop/Autos/email,openFile,xls,Excel,Copy,102,subaru,gas,std,four,sedan,fwd,front,972,172,654,525,2145,ohcf,four,108,2bbl,362,264,95,82,4800,32,37,7126,Web,Copied Values,Result Values,-
143,C:/User/Desktop/Autos/email,openFile,xls,Excel,Copy,102,subaru,gas,std,four,sedan,fwd,front,972,172,654,525,2190,ohcf,four,108,2bbl,362,264,95,82,4400,28,33,7775,Web,Copied Values,Result Values,-
144,C:/User/Desktop/Autos/email,openFile,xls,Excel,Copy,102,subaru,gas,std,four,sedan,fwd,front,972,172,654,525,2340,ohcf,four,108,mpfi,362,264,9,94,5200,26,32,9960,Web,Copied Values,Result Values,-
145,C:/User/Desktop/Autos/email,openFile,xls,Excel,Copy,102,subaru,gas,std,four,sedan,4wd,front,97,172,654,543,2385,ohcf,four,108,2bbl,362,264,9,82,4800,24,25,9233,Web,Copied Values,Result Values,-
146,C:/User/Desktop/Autos/email,openFile,xls,Excel,Copy,102,subaru,gas,turbo,four,sedan,4wd,front,97,172,654,543,2510,ohcf,four,108,mpfi,362,264,77,111,4800,24,29,11259,Web,Copied Values,Result Values,-
147,C:/User/Desktop/Autos/email,openFile,xls,Excel,Copy,89,subaru,gas,std,four,wagon,fwd,front,97,1735,654,53,2290,ohcf,four,108,2bbl,362,264,9,82,4800,28,32,7463,Web,Copied Values,Result Values,-
148,C:/User/Desktop/Autos/email,openFile,xls,Excel,Copy,89,subaru,gas,std,four,wagon,fwd,front,97,1735,654,53,2455,ohcf,four,108,mpfi,362,264,9,94,5200,25,31,10198,Web,Copied Values,Result Values,-
149,C:/User/Desktop/Autos/email,openFile,xls,Excel,Copy,85,subaru,gas,std,four,wagon,4wd,front,969,1736,654,549,2420,ohcf,four,108,2bbl,362,264,9,82,4800,23,29,8013,Web,Copied Values,Result Values,-
150,C:/User/Desktop/Autos/email,openFile,xls,Excel,Copy,85,subaru,gas,turbo,four,wagon,4wd,front,969,1736,654,549,2650,ohcf,four,108,mpfi,362,264,77,111,4800,23,23,11694,Web,Copied Values,Result Values,-
151,C:/User/Desktop/Autos/email,openFile,xls,Excel,Copy,87,toyota,gas,std,two,hatchback,fwd,front,957,1587,636,545,1985,ohc,four,92,2bbl,305,303,9,62,4800,35,39,5348,Web,Copied Values,Result Values,Sent email
152,C:/User/Desktop/Autos/email,openFile,xls,Excel,Copy,87,toyota,gas,std,two,hatchback,fwd,front,957,1587,636,545,2040,ohc,four,92,2bbl,305,303,9,62,4800,31,38,6338,Web,Copied Values,Result Values,Sent email
153,C:/User/Desktop/Autos/email,openFile,xls,Excel,Copy,74,toyota,gas,std,four,hatchback,fwd,front,957,1587,636,545,2015,ohc,four,92,2bbl,305,303,9,62,4800,31,38,6488,Web,Copied Values,Result Values,Sent email
154,C:/User/Desktop/Autos/email,openFile,xls,Excel,Copy,77,toyota,gas,std,four,wagon,fwd,front,957,1697,636,591,2280,ohc,four,92,2bbl,305,303,9,62,4800,31,37,6918,Web,Copied Values,Result Values,-
155,C:/User/Desktop/Autos/email,openFile,xls,Excel,Copy,81,toyota,gas,std,four,wagon,4wd,front,957,1697,636,591,2290,ohc,four,92,2bbl,305,303,9,62,4800,27,32,7898,Web,Copied Values,Result Values,-
156,C:/User/Desktop/Autos/email,openFile,xls,Excel,Copy,91,toyota,gas,std,four,wagon,4wd,front,957,1697,636,591,3110,ohc,four,92,2bbl,305,303,9,62,4800,27,32,8778,Web,Copied Values,Result Values,-
157,C:/User/Desktop/Autos/email,openFile,xls,Excel,Copy,91,toyota,gas,std,four,sedan,fwd,front,957,1663,644,53,2081,ohc,four,98,2bbl,319,303,9,70,4800,30,37,6938,Web,Copied Values,Result Values,-
158,C:/User/Desktop/Autos/email,openFile,xls,Excel,Copy,91,toyota,gas,std,four,hatchback,fwd,front,957,1663,644,528,2109,ohc,four,98,2bbl,319,303,9,70,4800,30,37,7198,Web,Copied Values,Result Values,-
159,C:/User/Desktop/Autos/email,openFile,xls,Excel,Copy,91,toyota,diesel,std,four,sedan,fwd,front,957,1663,644,53,2275,ohc,four,110,idi,327,335,225,56,4500,34,36,7898,Web,Copied Values,Result Values,-
160,C:/User/Desktop/Autos/email,openFile,xls,Excel,Copy,91,toyota,diesel,std,four,hatchback,fwd,front,957,1663,644,528,2275,ohc,four,110,idi,327,335,225,56,4500,38,47,7788,Web,Copied Values,Result Values,-
161,C:/User/Desktop/Autos/email,openFile,xls,Excel,Copy,91,toyota,gas,std,four,sedan,fwd,front,957,1663,644,53,2094,ohc,four,98,2bbl,319,303,9,70,4800,38,47,7738,Web,Copied Values,Result Values,-
162,C:/User/Desktop/Autos/email,openFile,xls,Excel,Copy,91,toyota,gas,std,four,hatchback,fwd,front,957,1663,644,528,2122,ohc,four,98,2bbl,319,303,9,70,4800,28,34,8358,Web,Copied Values,Result Values,-
163,C:/User/Desktop/Autos/email,openFile,xls,Excel,Copy,91,toyota,gas,std,four,sedan,fwd,front,957,1663,644,528,2140,ohc,four,98,2bbl,319,303,9,70,4800,28,34,9258,Web,Copied Values,Result Values,-
164,C:/User/Desktop/Autos/email,openFile,xls,Excel,Copy,168,toyota,gas,std,two,sedan,rwd,front,945,1687,64,526,2169,ohc,four,98,2bbl,319,303,9,70,4800,29,34,8058,Web,Copied Values,Result Values,Sent email
165,C:/User/Desktop/Autos/email,openFile,xls,Excel,Copy,168,toyota,gas,std,two,hatchback,rwd,front,945,1687,64,526,2204,ohc,four,98,2bbl,319,303,9,70,4800,29,34,8238,Web,Copied Values,Result Values,Sent email
166,C:/User/Desktop/Autos/email,openFile,xls,Excel,Copy,168,toyota,gas,std,two,sedan,rwd,front,945,1687,64,526,2265,dohc,four,98,mpfi,324,308,94,112,6600,26,29,9298,Web,Copied Values,Result Values,Sent email
167,C:/User/Desktop/Autos/email,openFile,xls,Excel,Copy,168,toyota,gas,std,two,hatchback,rwd,front,945,1687,64,526,2300,dohc,four,98,mpfi,324,308,94,112,6600,26,29,9538,Web,Copied Values,Result Values,Sent email
168,C:/User/Desktop/Autos/email,openFile,xls,Excel,Copy,134,toyota,gas,std,two,hardtop,rwd,front,984,1762,656,52,2540,ohc,four,146,mpfi,362,35,93,116,4800,24,30,8449,Web,Copied Values,Result Values,Sent email
169,C:/User/Desktop/Autos/email,openFile,xls,Excel,Copy,134,toyota,gas,std,two,hardtop,rwd,front,984,1762,656,52,2536,ohc,four,146,mpfi,362,35,93,116,4800,24,30,9639,Web,Copied Values,Result Values,Sent email
170,C:/User/Desktop/Autos/email,openFile,xls,Excel,Copy,134,toyota,gas,std,two,hatchback,rwd,front,984,1762,656,52,2551,ohc,four,146,mpfi,362,35,93,116,4800,24,30,9989,Web,Copied Values,Result Values,Sent email
171,C:/User/Desktop/Autos/email,openFile,xls,Excel,Copy,134,toyota,gas,std,two,hardtop,rwd,front,984,1762,656,52,2679,ohc,four,146,mpfi,362,35,93,116,4800,24,30,11199,Web,Copied Values,Result Values,Sent email
172,C:/User/Desktop/Autos/email,openFile,xls,Excel,Copy,134,toyota,gas,std,two,hatchback,rwd,front,984,1762,656,52,2714,ohc,four,146,mpfi,362,35,93,116,4800,24,30,11549,Web,Copied Values,Result Values,Sent email
173,C:/User/Desktop/Autos/email,openFile,xls,Excel,Copy,134,toyota,gas,std,two,convertible,rwd,front,984,1762,656,53,2975,ohc,four,146,mpfi,362,35,93,116,4800,24,30,17669,Web,Copied Values,Result Values,Sent email
174,C:/User/Desktop/Autos/email,openFile,xls,Excel,Copy,65,toyota,gas,std,four,sedan,fwd,front,1024,1756,665,549,2326,ohc,four,122,mpfi,331,354,87,92,4200,29,34,8948,Web,Copied Values,Result Values,-
175,C:/User/Desktop/Autos/email,openFile,xls,Excel,Copy,65,toyota,diesel,turbo,four,sedan,fwd,front,1024,1756,665,549,2480,ohc,four,110,idi,327,335,225,73,4500,30,33,10698,Web,Copied Values,Result Values,-
176,C:/User/Desktop/Autos/email,openFile,xls,Excel,Copy,65,toyota,gas,std,four,hatchback,fwd,front,1024,1756,665,539,2414,ohc,four,122,mpfi,331,354,87,92,4200,27,32,9988,Web,Copied Values,Result Values,-
177,C:/User/Desktop/Autos/email,openFile,xls,Excel,Copy,65,toyota,gas,std,four,sedan,fwd,front,1024,1756,665,549,2414,ohc,four,122,mpfi,331,354,87,92,4200,27,32,10898,Web,Copied Values,Result Values,-
178,C:/User/Desktop/Autos/email,openFile,xls,Excel,Copy,65,toyota,gas,std,four,hatchback,fwd,front,1024,1756,665,539,2458,ohc,four,122,mpfi,331,354,87,92,4200,27,32,11248,Web,Copied Values,Result Values,-
179,C:/User/Desktop/Autos/email,openFile,xls,Excel,Copy,197,toyota,gas,std,two,hatchback,rwd,front,1029,1835,677,52,2976,dohc,six,171,mpfi,327,335,93,161,5200,20,24,16558,Web,Copied Values,Result Values,Sent email
180,C:/User/Desktop/Autos/email,openFile,xls,Excel,Copy,197,toyota,gas,std,two,hatchback,rwd,front,1029,1835,677,52,3016,dohc,six,171,mpfi,327,335,93,161,5200,19,24,15998,Web,Copied Values,Result Values,Sent email
181,C:/User/Desktop/Autos/email,openFile,xls,Excel,Copy,90,toyota,gas,std,four,sedan,rwd,front,1045,1878,665,541,3131,dohc,six,171,mpfi,327,335,92,156,5200,20,24,15690,Web,Copied Values,Result Values,-
182,C:/User/Desktop/Autos/email,openFile,xls,Excel,Copy,?,toyota,gas,std,four,wagon,rwd,front,1045,1878,665,541,3151,dohc,six,161,mpfi,327,335,92,156,5200,19,24,15750,Web,Copied Values,Result Values,-
183,C:/User/Desktop/Autos/email,openFile,xls,Excel,Copy,122,volkswagen,diesel,std,two,sedan,fwd,front,973,1717,655,557,2261,ohc,four,97,idi,301,34,23,52,4800,37,46,7775,Web,Copied Values,Result Values,Sent email
184,C:/User/Desktop/Autos/email,openFile,xls,Excel,Copy,122,volkswagen,gas,std,two,sedan,fwd,front,973,1717,655,557,2209,ohc,four,109,mpfi,319,34,9,85,5250,27,34,7975,Web,Copied Values,Result Values,Sent email
185,C:/User/Desktop/Autos/email,openFile,xls,Excel,Copy,94,volkswagen,diesel,std,four,sedan,fwd,front,973,1717,655,557,2264,ohc,four,97,idi,301,34,23,52,4800,37,46,7995,Web,Copied Values,Result Values,Sent email
186,C:/User/Desktop/Autos/email,openFile,xls,Excel,Copy,94,volkswagen,gas,std,four,sedan,fwd,front,973,1717,655,557,2212,ohc,four,109,mpfi,319,34,9,85,5250,27,34,8195,Web,Copied Values,Result Values,Sent email
187,C:/User/Desktop/Autos/email,openFile,xls,Excel,Copy,94,volkswagen,gas,std,four,sedan,fwd,front,973,1717,655,557,2275,ohc,four,109,mpfi,319,34,9,85,5250,27,34,8495,Web,Copied Values,Result Values,Sent email
188,C:/User/Desktop/Autos/email,openFile,xls,Excel,Copy,94,volkswagen,diesel,turbo,four,sedan,fwd,front,973,1717,655,557,2319,ohc,four,97,idi,301,34,23,68,4500,37,42,9495,Web,Copied Values,Result Values,Sent email
189,C:/User/Desktop/Autos/email,openFile,xls,Excel,Copy,94,volkswagen,gas,std,four,sedan,fwd,front,973,1717,655,557,2300,ohc,four,109,mpfi,319,34,10,100,5500,26,32,9995,Web,Copied Values,Result Values,Sent email
190,C:/User/Desktop/Autos/email,openFile,xls,Excel,Copy,?,volkswagen,gas,std,two,convertible,fwd,front,945,1593,642,556,2254,ohc,four,109,mpfi,319,34,85,90,5500,24,29,11595,Web,Copied Values,Result Values,Sent email
191,C:/User/Desktop/Autos/email,openFile,xls,Excel,Copy,256,volkswagen,gas,std,two,hatchback,fwd,front,945,1657,64,514,2221,ohc,four,109,mpfi,319,34,85,90,5500,24,29,9980,Web,Copied Values,Result Values,Sent email
192,C:/User/Desktop/Autos/email,openFile,xls,Excel,Copy,?,volkswagen,gas,std,four,sedan,fwd,front,1004,1802,669,551,2661,ohc,five,136,mpfi,319,34,85,110,5500,19,24,13295,Web,Copied Values,Result Values,-
193,C:/User/Desktop/Autos/email,openFile,xls,Excel,Copy,?,volkswagen,diesel,turbo,four,sedan,fwd,front,1004,1802,669,551,2579,ohc,four,97,idi,301,34,23,68,4500,33,38,13845,Web,Copied Values,Result Values,-
194,C:/User/Desktop/Autos/email,openFile,xls,Excel,Copy,?,volkswagen,gas,std,four,wagon,fwd,front,1004,1831,669,551,2563,ohc,four,109,mpfi,319,34,9,88,5500,25,31,12290,Web,Copied Values,Result Values,-
195,C:/User/Desktop/Autos/email,openFile,xls,Excel,Copy,103,volvo,gas,std,four,sedan,rwd,front,1043,1888,672,562,2912,ohc,four,141,mpfi,378,315,95,114,5400,23,28,12940,Web,Copied Values,Result Values,-
196,C:/User/Desktop/Autos/email,openFile,xls,Excel,Copy,74,volvo,gas,std,four,wagon,rwd,front,1043,1888,672,575,3034,ohc,four,141,mpfi,378,315,95,114,5400,23,28,13415,Web,Copied Values,Result Values,-
197,C:/User/Desktop/Autos/email,openFile,xls,Excel,Copy,103,volvo,gas,std,four,sedan,rwd,front,1043,1888,672,562,2935,ohc,four,141,mpfi,378,315,95,114,5400,24,28,15985,Web,Copied Values,Result Values,-
198,C:/User/Desktop/Autos/email,openFile,xls,Excel,Copy,74,volvo,gas,std,four,wagon,rwd,front,1043,1888,672,575,3042,ohc,four,141,mpfi,378,315,95,114,5400,24,28,16515,Web,Copied Values,Result Values,-
199,C:/User/Desktop/Autos/email,openFile,xls,Excel,Copy,103,volvo,gas,turbo,four,sedan,rwd,front,1043,1888,672,562,3045,ohc,four,130,mpfi,362,315,75,162,5100,17,22,18420,Web,Copied Values,Result Values,-
200,C:/User/Desktop/Autos/email,openFile,xls,Excel,Copy,74,volvo,gas,turbo,four,wagon,rwd,front,1043,1888,672,575,3157,ohc,four,130,mpfi,362,315,75,162,5100,17,22,18950,Web,Copied Values,Result Values,-
201,C:/User/Desktop/Autos/email,openFile,xls,Excel,Copy,95,volvo,gas,std,four,sedan,rwd,front,1091,1888,689,555,2952,ohc,four,141,mpfi,378,315,95,114,5400,23,28,16845,Web,Copied Values,Result Values,-
202,C:/User/Desktop/Autos/email,openFile,xls,Excel,Copy,95,volvo,gas,turbo,four,sedan,rwd,front,1091,1888,688,555,3049,ohc,four,141,mpfi,378,315,87,160,5300,19,25,19045,Web,Copied Values,Result Values,-
203,C:/User/Desktop/Autos/email,openFile,xls,Excel,Copy,95,volvo,gas,std,four,sedan,rwd,front,1091,1888,689,555,3012,ohcv,six,173,mpfi,358,287,88,134,5500,18,23,21485,Web,Copied Values,Result Values,-
204,C:/User/Desktop/Autos/email,openFile,xls,Excel,Copy,95,volvo,diesel,turbo,four,sedan,rwd,front,1091,1888,689,555,3217,ohc,six,145,idi,301,34,23,106,4800,26,27,22470,Web,Copied Values,Result Values,-
205,C:/User/Desktop/Autos/email,openFile,xls,Excel,Copy,95,volvo,gas,turbo,four,sedan,rwd,front,1091,1888,689,555,3062,ohc,four,141,mpfi,378,315,95,114,5400,19,25,22625,Web,Copied Values,Result Values,-
